ID,    Tipo,      Número,   Situação,    Última Verificação, Dias desde verificação
3710,ATO_NORMATIVO,25/2021,TIPO_INVALIDO,Nunca verificada,N/A
3709,ATO_NORMATIVO,29/2022,A_VERIFICAR,Nunca verificada,N/A
3708,ATO_NORMATIVO,41/2024,A_VERIFICAR,Nunca verificada,N/A
3631,DECRETO,11.319/04,VIGENTE,26/05/2025,0
3923,DECRETO,11.349,A_VERIFICAR,Nunca verificada,N/A
3756,DECRETO,11.486/2004,A_VERIFICAR,Nunca verificada,N/A
3744,DECRETO,11.531,A_VERIFICAR,Nunca verificada,N/A
3616,DECRETO,13.556,VIGENTE,26/05/2025,0
3734,DECRETO,14.631,VIGENTE,26/05/2025,0
3629,DECRETO,14.910,VIGENTE,26/05/2025,0
3606,DECRETO,15.085,A_VERIFICAR,Nunca verificada,N/A
3504,DECRETO,15.093/13,VIGENTE,26/05/2025,0
3485,DECRETO,15.093/2013,VIGENTE,26/05/2025,0
3683,DECRETO,15.251,A_VERIFICAR,Nunca verificada,N/A
3718,DECRETO,15.251/2013,VIGENTE,26/05/2025,0
3608,DECRETO,15.299,A_VERIFICAR,Nunca verificada,N/A
3798,DECRETO,15.547,A_VERIFICAR,Nunca verificada,N/A
3758,DECRETO,15.549,A_VERIFICAR,Nunca verificada,N/A
3899,DECRETO,15.555,A_VERIFICAR,Nunca verificada,N/A
3906,DECRETO,15.557,A_VERIFICAR,Nunca verificada,N/A
3729,DECRETO,15.557/2014,VIGENTE,26/05/2025,0
3732,DECRETO,16.226,VIGENTE,26/05/2025,0
3617,DECRETO,16.515,VIGENTE,26/05/2025,0
3752,DECRETO,16.696/2016,A_VERIFICAR,Nunca verificada,N/A
3513,DECRETO,17.083/2017,VIGENTE,26/05/2025,0
3586,DECRETO,17.084/2017,A_VERIFICAR,Nunca verificada,N/A
3724,DECRETO,18.049,VIGENTE,26/05/2025,0
3523,DECRETO,19.876,VIGENTE,26/05/2025,0
3797,DECRETO,19.942,A_VERIFICAR,Nunca verificada,N/A
3577,DECRETO,21.469,VIGENTE,26/05/2025,0
3559,DECRETO,21.866,VIGENTE,26/05/2025,0
3557,DECRETO,21.866/2023,VIGENTE,26/05/2025,0
3653,DECRETO,21.866/23,VIGENTE,26/05/2025,0
3685,DECRETO,21.872,A_VERIFICAR,Nunca verificada,N/A
3527,DECRETO,21.872/2023,VIGENTE,26/05/2025,0
3611,DECRETO,21.941,VIGENTE,26/05/2025,0
3556,DECRETO,22.033,VIGENTE,26/05/2025,0
3772,DECRETO,22.033/23,A_VERIFICAR,Nunca verificada,N/A
3817,DECRETO,22.237,A_VERIFICAR,Nunca verificada,N/A
3892,DECRETO,22.407,A_VERIFICAR,Nunca verificada,N/A
3859,DECRETO,22223,A_VERIFICAR,Nunca verificada,N/A
3613,DECRETO,23.623,VIGENTE,26/05/2025,0
3818,DECRETO,23.747,A_VERIFICAR,Nunca verificada,N/A
3609,DECRETO,23.803,A_VERIFICAR,Nunca verificada,N/A
3622,DECRETO,23.804,VIGENTE,26/05/2025,0
3621,DECRETO,23.807,VIGENTE,26/05/2025,0
3781,DECRETO,23.810,A_VERIFICAR,Nunca verificada,N/A
3831,DECRETO,23.812,A_VERIFICAR,Nunca verificada,N/A
3832,DECRETO,23.812/2025,A_VERIFICAR,Nunca verificada,N/A
3816,DECRETO,23.813,A_VERIFICAR,Nunca verificada,N/A
3618,DECRETO,23.819,VIGENTE,26/05/2025,0
3627,DECRETO,23.823,VIGENTE,26/05/2025,0
3584,DECRETO,23.824,NAO_VIGENTE,26/05/2025,0
3812,DECRETO,23.826,A_VERIFICAR,Nunca verificada,N/A
3813,DECRETO,23.827,A_VERIFICAR,Nunca verificada,N/A
3814,DECRETO,23.828,A_VERIFICAR,Nunca verificada,N/A
3815,DECRETO,23.829,A_VERIFICAR,Nunca verificada,N/A
3453,DECRETO,23.834,VIGENTE,26/05/2025,0
3610,DECRETO,23.835,VIGENTE,26/05/2025,0
3452,DECRETO,23.842,VIGENTE,26/05/2025,0
3612,DECRETO,23.843,VIGENTE,26/05/2025,0
3595,DECRETO,23.844,VIGENTE,26/05/2025,0
3592,DECRETO,23.845,NAO_VIGENTE,26/05/2025,0
3593,DECRETO,23.846,NAO_VIGENTE,26/05/2025,0
3594,DECRETO,23.847,NAO_VIGENTE,26/05/2025,0
3601,DECRETO,23.848,A_VERIFICAR,Nunca verificada,N/A
3614,DECRETO,23753,VIGENTE,26/05/2025,0
3537,DECRETO,4.262,VIGENTE,26/05/2025,0
3521,DECRETO,6.514/2008,VIGENTE,26/05/2025,0
3520,DECRETO,6514/2008,VIGENTE,26/05/2025,0
3841,DECRETO,667/1969,A_VERIFICAR,Nunca verificada,N/A
3749,DECRETO,7.892,A_VERIFICAR,Nunca verificada,N/A
3924,DECRETO,8.726/2016,A_VERIFICAR,Nunca verificada,N/A
3723,DECRETO,9.240,VIGENTE,26/05/2025,0
3741,INSTRUCAO_NORMATIVA,1/2015,TIPO_INVALIDO,Nunca verificada,N/A
3936,INSTRUCAO_NORMATIVA,1/2024,A_VERIFICAR,Nunca verificada,N/A
3789,INSTRUCAO_NORMATIVA,211,A_VERIFICAR,Nunca verificada,N/A
3761,INSTRUCAO_NORMATIVA,44,A_VERIFICAR,Nunca verificada,N/A
3600,INSTRUCAO_NORMATIVA,5/94,A_VERIFICAR,Nunca verificada,N/A
3747,LEI,10.520,A_VERIFICAR,Nunca verificada,N/A
3500,LEI,10.520/2002,VIGENTE,26/05/2025,0
3792,LEI,10.741,A_VERIFICAR,Nunca verificada,N/A
3932,LEI,10.826/2023,A_VERIFICAR,Nunca verificada,N/A
3839,LEI,10.973,A_VERIFICAR,Nunca verificada,N/A
3603,LEI,101,A_VERIFICAR,Nunca verificada,N/A
3805,LEI,101/2000,A_VERIFICAR,Nunca verificada,N/A
3458,LEI,107/08,VIGENTE,26/05/2025,0
3793,LEI,11.079/2004,A_VERIFICAR,Nunca verificada,N/A
3933,LEI,11.343/2006,A_VERIFICAR,Nunca verificada,N/A
3934,LEI,12.234,A_VERIFICAR,Nunca verificada,N/A
3795,LEI,12.813/2013,A_VERIFICAR,Nunca verificada,N/A
3454,LEI,13,VIGENTE,26/05/2025,0
3510,LEI,13.019,VIGENTE,26/05/2025,0
3511,LEI,13.019/2014,VIGENTE,26/05/2025,0
3514,LEI,13.204,VIGENTE,26/05/2025,0
3512,LEI,13.204/2014,VIGENTE,26/05/2025,0
3820,LEI,13.214,A_VERIFICAR,Nunca verificada,N/A
3735,LEI,13.303,VIGENTE,26/05/2025,0
3492,LEI,13.303/2016,VIGENTE,26/05/2025,0
3505,LEI,13.303/2026,VIGENTE,26/05/2025,0
3546,LEI,13/1994,VIGENTE,26/05/2025,0
3662,LEI,13/94,A_VERIFICAR,Nunca verificada,N/A
3496,LEI,14.133,VIGENTE,26/05/2025,0
3484,LEI,14.133/2021,VIGENTE,26/05/2025,0
3502,LEI,14.133/2023,VIGENTE,26/05/2025,0
3495,LEI,14.133/21,VIGENTE,26/05/2025,0
3779,LEI,14.195/2021,A_VERIFICAR,Nunca verificada,N/A
3922,LEI,14.600,A_VERIFICAR,Nunca verificada,N/A
3790,LEI,141,A_VERIFICAR,Nunca verificada,N/A
3457,LEI,144/2014,VIGENTE,26/05/2025,0
3552,LEI,220,VIGENTE,26/05/2025,0
3929,LEI,241/2019,A_VERIFICAR,Nunca verificada,N/A
3769,LEI,259/2021,A_VERIFICAR,Nunca verificada,N/A
3682,LEI,261,A_VERIFICAR,Nunca verificada,N/A
3770,LEI,263/2022,A_VERIFICAR,Nunca verificada,N/A
3562,LEI,28/2003,VIGENTE,26/05/2025,0
3536,LEI,3.529,VIGENTE,26/05/2025,0
3615,LEI,3.808,VIGENTE,26/05/2025,0
3462,LEI,33/03,VIGENTE,26/05/2025,0
3881,LEI,37,A_VERIFICAR,Nunca verificada,N/A
3464,LEI,37/04,VIGENTE,26/05/2025,0
3857,LEI,37/2004,A_VERIFICAR,Nunca verificada,N/A
3668,LEI,38/04,A_VERIFICAR,Nunca verificada,N/A
3529,LEI,4.051/86,VIGENTE,26/05/2025,0
3751,LEI,4.254,A_VERIFICAR,Nunca verificada,N/A
3555,LEI,4.257,VIGENTE,26/05/2025,0
3806,LEI,4.320,A_VERIFICAR,Nunca verificada,N/A
3714,LEI,4.515,VIGENTE,26/05/2025,0
3487,LEI,4.548,VIGENTE,26/05/2025,0
3620,LEI,4.640/1993,VIGENTE,26/05/2025,0
3722,LEI,4.664,VIGENTE,26/05/2025,0
3494,LEI,4320/64,VIGENTE,26/05/2025,0
3754,LEI,5,A_VERIFICAR,Nunca verificada,N/A
3589,LEI,5.138,VIGENTE,26/05/2025,0
3701,LEI,5.206/08/2001,A_VERIFICAR,Nunca verificada,N/A
3799,LEI,5.309,A_VERIFICAR,Nunca verificada,N/A
3463,LEI,5.376/04,VIGENTE,26/05/2025,0
3666,LEI,5.377/04,A_VERIFICAR,Nunca verificada,N/A
3540,LEI,5.378,VIGENTE,26/05/2025,0
3760,LEI,5.491,A_VERIFICAR,Nunca verificada,N/A
3480,LEI,5.577/06,VIGENTE,26/05/2025,0
3849,LEI,5.589/06,A_VERIFICAR,Nunca verificada,N/A
3851,LEI,5.591/06,A_VERIFICAR,Nunca verificada,N/A
3574,LEI,5.595/2006,A_VERIFICAR,Nunca verificada,N/A
3476,LEI,5.726/08,VIGENTE,26/05/2025,0
3648,LEI,5.949,VIGENTE,26/05/2025,0
3456,LEI,51/85,VIGENTE,26/05/2025,0
3837,LEI,5543/06,A_VERIFICAR,Nunca verificada,N/A
3508,LEI,56,VIGENTE,26/05/2025,0
3706,LEI,59,A_VERIFICAR,Nunca verificada,N/A
3578,LEI,6.015/73,A_VERIFICAR,Nunca verificada,N/A
3842,LEI,6.173/12,A_VERIFICAR,Nunca verificada,N/A
3847,LEI,6.173/2012,A_VERIFICAR,Nunca verificada,N/A
3466,LEI,6.201/12,VIGENTE,26/05/2025,0
3604,LEI,6.290,A_VERIFICAR,Nunca verificada,N/A
3630,LEI,6.301/2013,VIGENTE,26/05/2025,0
3757,LEI,6.313,A_VERIFICAR,Nunca verificada,N/A
3755,LEI,6.313/2013,A_VERIFICAR,Nunca verificada,N/A
3470,LEI,6.375/2013,VIGENTE,26/05/2025,0
3477,LEI,6.388/13,VIGENTE,26/05/2025,0
3753,LEI,6.404,A_VERIFICAR,Nunca verificada,N/A
3836,LEI,6.410/13,A_VERIFICAR,Nunca verificada,N/A
3478,LEI,6.468/13,VIGENTE,26/05/2025,0
3848,LEI,6.560/14,A_VERIFICAR,Nunca verificada,N/A
3575,LEI,6.709,NAO_VIGENTE,26/05/2025,0
3775,LEI,6.782/16,A_VERIFICAR,Nunca verificada,N/A
3838,LEI,6.810/16,A_VERIFICAR,Nunca verificada,N/A
3669,LEI,6.856/16,A_VERIFICAR,Nunca verificada,N/A
3590,LEI,6.857,NAO_VIGENTE,26/05/2025,0
3558,LEI,6.875,VIGENTE,26/05/2025,0
3455,LEI,6.910,VIGENTE,26/05/2025,0
3844,LEI,6.933/16,A_VERIFICAR,Nunca verificada,N/A
3800,LEI,6.949/2017,A_VERIFICAR,Nunca verificada,N/A
3707,LEI,6.951,A_VERIFICAR,Nunca verificada,N/A
3835,LEI,62/05,A_VERIFICAR,Nunca verificada,N/A
3664,LEI,7.081/17,A_VERIFICAR,Nunca verificada,N/A
3843,LEI,7.081/2017,A_VERIFICAR,Nunca verificada,N/A
3845,LEI,7.132/18,A_VERIFICAR,Nunca verificada,N/A
3654,LEI,7.157,VIGENTE,26/05/2025,0
3542,LEI,7.211,VIGENTE,26/05/2025,0
3605,LEI,7.215,A_VERIFICAR,Nunca verificada,N/A
3702,LEI,7.283,A_VERIFICAR,Nunca verificada,N/A
3700,LEI,7.283/2019,A_VERIFICAR,Nunca verificada,N/A
3576,LEI,7.294,NAO_VIGENTE,26/05/2025,0
3893,LEI,7.294/2019,A_VERIFICAR,Nunca verificada,N/A
3619,LEI,7.460/2021,VIGENTE,26/05/2025,0
3824,LEI,7.482,A_VERIFICAR,Nunca verificada,N/A
3890,LEI,7.495,A_VERIFICAR,Nunca verificada,N/A
3846,LEI,7.713/2021,A_VERIFICAR,Nunca verificada,N/A
3479,LEI,7.716/21,VIGENTE,26/05/2025,0
3548,LEI,7.764,VIGENTE,26/05/2025,0
3459,LEI,7.764/2022,VIGENTE,26/05/2025,0
3850,LEI,7.766/2022,A_VERIFICAR,Nunca verificada,N/A
3474,LEI,7.767/2022,VIGENTE,26/05/2025,0
3649,LEI,7.772,VIGENTE,26/05/2025,0
3628,LEI,7.884,VIGENTE,26/05/2025,0
3825,LEI,7.884/2022,A_VERIFICAR,Nunca verificada,N/A
3802,LEI,7.935,A_VERIFICAR,Nunca verificada,N/A
3607,LEI,71,A_VERIFICAR,Nunca verificada,N/A
3530,LEI,71/06,VIGENTE,26/05/2025,0
3573,LEI,7883,VIGENTE,26/05/2025,0
3691,LEI,8.017,A_VERIFICAR,Nunca verificada,N/A
3538,LEI,8.034,VIGENTE,26/05/2025,0
3539,LEI,8.069,VIGENTE,26/05/2025,0
3748,LEI,8.078,A_VERIFICAR,Nunca verificada,N/A
3791,LEI,8.080,A_VERIFICAR,Nunca verificada,N/A
3931,LEI,8.112/1990,A_VERIFICAR,Nunca verificada,N/A
3597,LEI,8.151,NAO_VIGENTE,26/05/2025,0
3444,LEI,8.158,VIGENTE,26/05/2025,0
3596,LEI,8.202,VIGENTE,26/05/2025,0
3599,LEI,8.249/1992,A_VERIFICAR,Nunca verificada,N/A
3819,LEI,8.288,A_VERIFICAR,Nunca verificada,N/A
3460,LEI,8.316/2024,VIGENTE,26/05/2025,0
3788,LEI,8.320,A_VERIFICAR,Nunca verificada,N/A
3472,LEI,8.342/2024,VIGENTE,26/05/2025,0
3531,LEI,8.370/2024,VIGENTE,26/05/2025,0
3703,LEI,8.556,A_VERIFICAR,Nunca verificada,N/A
3471,LEI,8.652/2025,VIGENTE,26/05/2025,0
3497,LEI,8.666,VIGENTE,26/05/2025,0
3534,LEI,8.666/1993,VIGENTE,26/05/2025,0
3461,LEI,8.666/2025,VIGENTE,26/05/2025,0
3493,LEI,8.666/93,VIGENTE,26/05/2025,0
3467,LEI,8.667/2025,VIGENTE,26/05/2025,0
3665,LEI,8.670/2025,A_VERIFICAR,Nunca verificada,N/A
3602,LEI,8.673,A_VERIFICAR,Nunca verificada,N/A
3811,LEI,8.676,A_VERIFICAR,Nunca verificada,N/A
3623,LEI,8.677,VIGENTE,26/05/2025,0
3711,LEI,8.680,VIGENTE,26/05/2025,0
3712,LEI,8.682,VIGENTE,26/05/2025,0
3713,LEI,8.683,VIGENTE,26/05/2025,0
3715,LEI,8.684,VIGENTE,26/05/2025,0
3716,LEI,8.685,VIGENTE,26/05/2025,0
3625,LEI,8.686,VIGENTE,26/05/2025,0
3624,LEI,8.688,VIGENTE,26/05/2025,0
3626,LEI,8.689,VIGENTE,26/05/2025,0
3804,LEI,8.690,A_VERIFICAR,Nunca verificada,N/A
3810,LEI,8.691,A_VERIFICAR,Nunca verificada,N/A
3809,LEI,8.692,A_VERIFICAR,Nunca verificada,N/A
3807,LEI,8.693,A_VERIFICAR,Nunca verificada,N/A
3808,LEI,8.694,A_VERIFICAR,Nunca verificada,N/A
3801,LEI,8.695,A_VERIFICAR,Nunca verificada,N/A
3821,LEI,8.696,A_VERIFICAR,Nunca verificada,N/A
3442,LEI,8.697,VIGENTE,26/05/2025,0
3443,LEI,8.698,VIGENTE,26/05/2025,0
3446,LEI,8.699,VIGENTE,26/05/2025,0
3447,LEI,8.700,VIGENTE,26/05/2025,0
3448,LEI,8.701,VIGENTE,26/05/2025,0
3449,LEI,8.702,VIGENTE,26/05/2025,0
3588,LEI,8.704,NAO_VIGENTE,26/05/2025,0
3591,LEI,8.705,NAO_VIGENTE,26/05/2025,0
3598,LEI,8.730/1993,A_VERIFICAR,Nunca verificada,N/A
3522,LEI,8.934/94,VIGENTE,26/05/2025,0
3794,LEI,8.987/1995,A_VERIFICAR,Nunca verificada,N/A
3928,LEI,8.987/95,A_VERIFICAR,Nunca verificada,N/A
3489,LEI,84,VIGENTE,26/05/2025,0
3671,LEI,84/2007,A_VERIFICAR,Nunca verificada,N/A
3704,LEI,8666/93,A_VERIFICAR,Nunca verificada,N/A
3670,LEI,8667/2025,A_VERIFICAR,Nunca verificada,N/A
3780,LEI,9.503/97,A_VERIFICAR,Nunca verificada,N/A
3445,LEI,9.613/1998,VIGENTE,26/05/2025,0
3787,LEI,9.648/98,A_VERIFICAR,Nunca verificada,N/A
3585,LEI,9.784,NAO_VIGENTE,26/05/2025,0
3925,LEI,9.985,A_VERIFICAR,Nunca verificada,N/A
3587,OUTROS,0,A_VERIFICAR,Nunca verificada,N/A
3803,OUTROS,101,A_VERIFICAR,Nunca verificada,N/A
3834,OUTROS,103/2019,A_VERIFICAR,Nunca verificada,N/A
3450,OUTROS,13,VIGENTE,26/05/2025,0
3676,OUTROS,13/1994,A_VERIFICAR,Nunca verificada,N/A
3719,OUTROS,13/94,TIPO_INVALIDO,Nunca verificada,N/A
3547,OUTROS,19/1998,TIPO_INVALIDO,Nunca verificada,N/A
3451,OUTROS,37,VIGENTE,26/05/2025,0
3864,OUTROS,37/2004,A_VERIFICAR,Nunca verificada,N/A
3663,OUTROS,41/2003,A_VERIFICAR,Nunca verificada,N/A
3465,OUTROS,47/2005,VIGENTE,26/05/2025,0
3930,OUTROS,52,A_VERIFICAR,Nunca verificada,N/A
3475,OUTROS,54/2019,VIGENTE,26/05/2025,0
3549,OUTROS,56,TIPO_INVALIDO,Nunca verificada,N/A
3524,OUTROS,ormativo,TIPO_INVALIDO,Nunca verificada,N/A
3652,PORTARIA,1,VIGENTE,26/05/2025,0
3525,PORTARIA,1/2025,VIGENTE,26/05/2025,0
3833,PORTARIA,103/2025,A_VERIFICAR,Nunca verificada,N/A
3730,PORTARIA,106,VIGENTE,26/05/2025,0
3896,PORTARIA,106/2025,A_VERIFICAR,Nunca verificada,N/A
3677,PORTARIA,107/2025,A_VERIFICAR,Nunca verificada,N/A
3745,PORTARIA,108/2025,A_VERIFICAR,Nunca verificada,N/A
3742,PORTARIA,109/2025,VIGENTE,26/05/2025,0
3746,PORTARIA,110/2025,A_VERIFICAR,Nunca verificada,N/A
3743,PORTARIA,111/2025,VIGENTE,26/05/2025,0
3678,PORTARIA,112/2025,A_VERIFICAR,Nunca verificada,N/A
3829,PORTARIA,113,A_VERIFICAR,Nunca verificada,N/A
3679,PORTARIA,113/2025,A_VERIFICAR,Nunca verificada,N/A
3680,PORTARIA,114/2025,A_VERIFICAR,Nunca verificada,N/A
3681,PORTARIA,115/2025,A_VERIFICAR,Nunca verificada,N/A
3541,PORTARIA,116/2025,VIGENTE,26/05/2025,0
3852,PORTARIA,12,A_VERIFICAR,Nunca verificada,N/A
3699,PORTARIA,121,A_VERIFICAR,Nunca verificada,N/A
3646,PORTARIA,122/2025,VIGENTE,26/05/2025,0
3645,PORTARIA,123/2025,VIGENTE,26/05/2025,0
3698,PORTARIA,124/2025,A_VERIFICAR,Nunca verificada,N/A
3660,PORTARIA,125/2025,A_VERIFICAR,Nunca verificada,N/A
3697,PORTARIA,126/2025,A_VERIFICAR,Nunca verificada,N/A
3687,PORTARIA,127,A_VERIFICAR,Nunca verificada,N/A
3688,PORTARIA,127/2025,A_VERIFICAR,Nunca verificada,N/A
3888,PORTARIA,128/2025,A_VERIFICAR,Nunca verificada,N/A
3533,PORTARIA,129/2025,VIGENTE,26/05/2025,0
3674,PORTARIA,13/2025,A_VERIFICAR,Nunca verificada,N/A
3580,PORTARIA,130/2025,NAO_VIGENTE,26/05/2025,0
3567,PORTARIA,131/2025,NAO_VIGENTE,26/05/2025,0
3581,PORTARIA,132/2025,NAO_VIGENTE,26/05/2025,0
3483,PORTARIA,133/2025,VIGENTE,26/05/2025,0
3570,PORTARIA,134/2025,NAO_VIGENTE,26/05/2025,0
3568,PORTARIA,135/2025,NAO_VIGENTE,26/05/2025,0
3887,PORTARIA,136,A_VERIFICAR,Nunca verificada,N/A
3571,PORTARIA,136/2025,NAO_VIGENTE,26/05/2025,0
3518,PORTARIA,137,VIGENTE,26/05/2025,0
3917,PORTARIA,137/2025,A_VERIFICAR,Nunca verificada,N/A
3503,PORTARIA,138/2025,VIGENTE,26/05/2025,0
3507,PORTARIA,139/2025,VIGENTE,26/05/2025,0
3655,PORTARIA,14/2025,VIGENTE,26/05/2025,0
3656,PORTARIA,146,VIGENTE,26/05/2025,0
3784,PORTARIA,147,A_VERIFICAR,Nunca verificada,N/A
3543,PORTARIA,15,VIGENTE,26/05/2025,0
3782,PORTARIA,15/2025,A_VERIFICAR,Nunca verificada,N/A
3651,PORTARIA,152,VIGENTE,26/05/2025,0
3647,PORTARIA,153,VIGENTE,26/05/2025,0
3853,PORTARIA,154,A_VERIFICAR,Nunca verificada,N/A
3550,PORTARIA,155/2025,VIGENTE,26/05/2025,0
3650,PORTARIA,156/2025,VIGENTE,26/05/2025,0
3731,PORTARIA,157,VIGENTE,26/05/2025,0
3733,PORTARIA,160,VIGENTE,26/05/2025,0
3774,PORTARIA,161,A_VERIFICAR,Nunca verificada,N/A
3535,PORTARIA,162,VIGENTE,26/05/2025,0
3827,PORTARIA,169,A_VERIFICAR,Nunca verificada,N/A
3897,PORTARIA,17,A_VERIFICAR,Nunca verificada,N/A
3517,PORTARIA,171/2025,VIGENTE,26/05/2025,0
3560,PORTARIA,1710,VIGENTE,26/05/2025,0
3720,PORTARIA,18,VIGENTE,26/05/2025,0
3515,PORTARIA,182/2025,VIGENTE,26/05/2025,0
3900,PORTARIA,1836,A_VERIFICAR,Nunca verificada,N/A
3901,PORTARIA,1839,A_VERIFICAR,Nunca verificada,N/A
3902,PORTARIA,1840,A_VERIFICAR,Nunca verificada,N/A
3903,PORTARIA,1842,A_VERIFICAR,Nunca verificada,N/A
3904,PORTARIA,1843,A_VERIFICAR,Nunca verificada,N/A
3905,PORTARIA,1876,A_VERIFICAR,Nunca verificada,N/A
3907,PORTARIA,1877,A_VERIFICAR,Nunca verificada,N/A
3908,PORTARIA,1879,A_VERIFICAR,Nunca verificada,N/A
3909,PORTARIA,1880,A_VERIFICAR,Nunca verificada,N/A
3912,PORTARIA,1884,A_VERIFICAR,Nunca verificada,N/A
3910,PORTARIA,1897,A_VERIFICAR,Nunca verificada,N/A
3911,PORTARIA,1908,A_VERIFICAR,Nunca verificada,N/A
3913,PORTARIA,1961,A_VERIFICAR,Nunca verificada,N/A
3914,PORTARIA,1972,A_VERIFICAR,Nunca verificada,N/A
3915,PORTARIA,1974,A_VERIFICAR,Nunca verificada,N/A
3916,PORTARIA,1998,A_VERIFICAR,Nunca verificada,N/A
3545,PORTARIA,2,VIGENTE,26/05/2025,0
3686,PORTARIA,20,A_VERIFICAR,Nunca verificada,N/A
3563,PORTARIA,2021,VIGENTE,26/05/2025,0
3528,PORTARIA,207/2000,VIGENTE,26/05/2025,0
3572,PORTARIA,21,A_VERIFICAR,Nunca verificada,N/A
3661,PORTARIA,21.000-855,A_VERIFICAR,Nunca verificada,N/A
3566,PORTARIA,21/2025,NAO_VIGENTE,26/05/2025,0
3509,PORTARIA,214,VIGENTE,26/05/2025,0
3854,PORTARIA,2158,A_VERIFICAR,Nunca verificada,N/A
3633,PORTARIA,2162,VIGENTE,26/05/2025,0
3644,PORTARIA,2173,VIGENTE,26/05/2025,0
3783,PORTARIA,2183,A_VERIFICAR,Nunca verificada,N/A
3684,PORTARIA,22,A_VERIFICAR,Nunca verificada,N/A
3920,PORTARIA,22/2025,A_VERIFICAR,Nunca verificada,N/A
3554,PORTARIA,2228,VIGENTE,26/05/2025,0
3488,PORTARIA,23/2025,VIGENTE,26/05/2025,0
3693,PORTARIA,2302,A_VERIFICAR,Nunca verificada,N/A
3935,PORTARIA,242/2024,A_VERIFICAR,Nunca verificada,N/A
3482,PORTARIA,2438,VIGENTE,26/05/2025,0
3738,PORTARIA,246/2025,VIGENTE,26/05/2025,0
3736,PORTARIA,247/2025,VIGENTE,26/05/2025,0
3737,PORTARIA,248/2025,VIGENTE,26/05/2025,0
3739,PORTARIA,249/2025,VIGENTE,26/05/2025,0
3643,PORTARIA,25/2023,VIGENTE,26/05/2025,0
3740,PORTARIA,250/2025,VIGENTE,26/05/2025,0
3776,PORTARIA,251/2025,A_VERIFICAR,Nunca verificada,N/A
3822,PORTARIA,252,A_VERIFICAR,Nunca verificada,N/A
3786,PORTARIA,252/2025,A_VERIFICAR,Nunca verificada,N/A
3886,PORTARIA,253,A_VERIFICAR,Nunca verificada,N/A
3516,PORTARIA,253/2025,VIGENTE,26/05/2025,0
3565,PORTARIA,254,NAO_VIGENTE,26/05/2025,0
3501,PORTARIA,255,VIGENTE,26/05/2025,0
3499,PORTARIA,256,VIGENTE,26/05/2025,0
3491,PORTARIA,257,VIGENTE,26/05/2025,0
3777,PORTARIA,27,A_VERIFICAR,Nunca verificada,N/A
3561,PORTARIA,29,VIGENTE,26/05/2025,0
3641,PORTARIA,29/2023,VIGENTE,26/05/2025,0
3519,PORTARIA,30,VIGENTE,26/05/2025,0
3637,PORTARIA,30/2023,VIGENTE,26/05/2025,0
3891,PORTARIA,316/2019,A_VERIFICAR,Nunca verificada,N/A
3726,PORTARIA,32/2025,VIGENTE,26/05/2025,0
3468,PORTARIA,3238/2017,VIGENTE,26/05/2025,0
3727,PORTARIA,33/2025,VIGENTE,26/05/2025,0
3583,PORTARIA,337/2025,NAO_VIGENTE,26/05/2025,0
3921,PORTARIA,35,A_VERIFICAR,Nunca verificada,N/A
3667,PORTARIA,352,A_VERIFICAR,Nunca verificada,N/A
3759,PORTARIA,36,A_VERIFICAR,Nunca verificada,N/A
3773,PORTARIA,371/2025,A_VERIFICAR,Nunca verificada,N/A
3696,PORTARIA,374,A_VERIFICAR,Nunca verificada,N/A
3823,PORTARIA,375/2025,A_VERIFICAR,Nunca verificada,N/A
3717,PORTARIA,376/2025,VIGENTE,26/05/2025,0
3796,PORTARIA,386/2025,A_VERIFICAR,Nunca verificada,N/A
3856,PORTARIA,388/2025,A_VERIFICAR,Nunca verificada,N/A
3721,PORTARIA,39/2024,VIGENTE,26/05/2025,0
3858,PORTARIA,390/2025,A_VERIFICAR,Nunca verificada,N/A
3860,PORTARIA,391/2025,A_VERIFICAR,Nunca verificada,N/A
3861,PORTARIA,394/2025,A_VERIFICAR,Nunca verificada,N/A
3862,PORTARIA,395/2025,A_VERIFICAR,Nunca verificada,N/A
3532,PORTARIA,397,VIGENTE,26/05/2025,0
3658,PORTARIA,399,VIGENTE,26/05/2025,0
3863,PORTARIA,400/2025,A_VERIFICAR,Nunca verificada,N/A
3865,PORTARIA,401/2025,A_VERIFICAR,Nunca verificada,N/A
3866,PORTARIA,402/2025,A_VERIFICAR,Nunca verificada,N/A
3481,PORTARIA,403,VIGENTE,26/05/2025,0
3867,PORTARIA,403/2025,A_VERIFICAR,Nunca verificada,N/A
3868,PORTARIA,404/2025,A_VERIFICAR,Nunca verificada,N/A
3869,PORTARIA,405/2025,A_VERIFICAR,Nunca verificada,N/A
3870,PORTARIA,406/2025,A_VERIFICAR,Nunca verificada,N/A
3871,PORTARIA,407/2025,A_VERIFICAR,Nunca verificada,N/A
3872,PORTARIA,408/2025,A_VERIFICAR,Nunca verificada,N/A
3873,PORTARIA,409/2025,A_VERIFICAR,Nunca verificada,N/A
3639,PORTARIA,41/2025,VIGENTE,26/05/2025,0
3874,PORTARIA,416/2025,A_VERIFICAR,Nunca verificada,N/A
3875,PORTARIA,417/2025,A_VERIFICAR,Nunca verificada,N/A
3876,PORTARIA,418/2025,A_VERIFICAR,Nunca verificada,N/A
3636,PORTARIA,42/2025,VIGENTE,26/05/2025,0
3877,PORTARIA,421/2025,A_VERIFICAR,Nunca verificada,N/A
3878,PORTARIA,422/2025,A_VERIFICAR,Nunca verificada,N/A
3879,PORTARIA,423/2025,A_VERIFICAR,Nunca verificada,N/A
3880,PORTARIA,424/2025,A_VERIFICAR,Nunca verificada,N/A
3882,PORTARIA,425/2025,A_VERIFICAR,Nunca verificada,N/A
3895,PORTARIA,43,A_VERIFICAR,Nunca verificada,N/A
3638,PORTARIA,43/2025,VIGENTE,26/05/2025,0
3640,PORTARIA,44/2025,VIGENTE,26/05/2025,0
3551,PORTARIA,443/2023,VIGENTE,26/05/2025,0
3642,PORTARIA,45/2025,VIGENTE,26/05/2025,0
3705,PORTARIA,486,A_VERIFICAR,Nunca verificada,N/A
3690,PORTARIA,49,A_VERIFICAR,Nunca verificada,N/A
3725,PORTARIA,50,VIGENTE,26/05/2025,0
3828,PORTARIA,517,A_VERIFICAR,Nunca verificada,N/A
3883,PORTARIA,518,A_VERIFICAR,Nunca verificada,N/A
3469,PORTARIA,527/2018,VIGENTE,26/05/2025,0
3526,PORTARIA,529,VIGENTE,26/05/2025,0
3659,PORTARIA,53,VIGENTE,26/05/2025,0
3553,PORTARIA,530,VIGENTE,26/05/2025,0
3544,PORTARIA,532,VIGENTE,26/05/2025,0
3918,PORTARIA,536,A_VERIFICAR,Nunca verificada,N/A
3840,PORTARIA,568,A_VERIFICAR,Nunca verificada,N/A
3884,PORTARIA,58,A_VERIFICAR,Nunca verificada,N/A
3889,PORTARIA,59,A_VERIFICAR,Nunca verificada,N/A
3569,PORTARIA,60,A_VERIFICAR,Nunca verificada,N/A
3689,PORTARIA,61,A_VERIFICAR,Nunca verificada,N/A
3506,PORTARIA,62,VIGENTE,26/05/2025,0
3498,PORTARIA,6209,VIGENTE,26/05/2025,0
3762,PORTARIA,63,A_VERIFICAR,Nunca verificada,N/A
3763,PORTARIA,64,A_VERIFICAR,Nunca verificada,N/A
3764,PORTARIA,65,A_VERIFICAR,Nunca verificada,N/A
3765,PORTARIA,66,A_VERIFICAR,Nunca verificada,N/A
3766,PORTARIA,67,A_VERIFICAR,Nunca verificada,N/A
3657,PORTARIA,67/2025,VIGENTE,26/05/2025,0
3767,PORTARIA,68,A_VERIFICAR,Nunca verificada,N/A
3768,PORTARIA,69,A_VERIFICAR,Nunca verificada,N/A
3771,PORTARIA,7,A_VERIFICAR,Nunca verificada,N/A
3473,PORTARIA,702/2025,VIGENTE,26/05/2025,0
3675,PORTARIA,71,A_VERIFICAR,Nunca verificada,N/A
3826,PORTARIA,72,A_VERIFICAR,Nunca verificada,N/A
3830,PORTARIA,75/2025,A_VERIFICAR,Nunca verificada,N/A
3634,PORTARIA,77/2025,VIGENTE,26/05/2025,0
3635,PORTARIA,78/2025,VIGENTE,26/05/2025,0
3672,PORTARIA,79/2025,A_VERIFICAR,Nunca verificada,N/A
3778,PORTARIA,8,A_VERIFICAR,Nunca verificada,N/A
3486,PORTARIA,8/2025,VIGENTE,26/05/2025,0
3490,PORTARIA,80,VIGENTE,26/05/2025,0
3673,PORTARIA,80/2025,A_VERIFICAR,Nunca verificada,N/A
3632,PORTARIA,81/2025,VIGENTE,26/05/2025,0
3894,PORTARIA,82/2025,A_VERIFICAR,Nunca verificada,N/A
3855,PORTARIA,86,A_VERIFICAR,Nunca verificada,N/A
3728,PORTARIA,88,VIGENTE,26/05/2025,0
3885,PORTARIA,89,A_VERIFICAR,Nunca verificada,N/A
3579,PORTARIA,9,A_VERIFICAR,Nunca verificada,N/A
3692,PORTARIA,90,A_VERIFICAR,Nunca verificada,N/A
3694,PORTARIA,91,A_VERIFICAR,Nunca verificada,N/A
3695,PORTARIA,92,A_VERIFICAR,Nunca verificada,N/A
3919,PORTARIA,985,A_VERIFICAR,Nunca verificada,N/A
3582,PORTARIA,99,A_VERIFICAR,Nunca verificada,N/A
3785,RESOLUCAO,1.920,A_VERIFICAR,Nunca verificada,N/A
3927,RESOLUCAO,12,A_VERIFICAR,Nunca verificada,N/A
3750,RESOLUCAO,14,A_VERIFICAR,Nunca verificada,N/A
3564,RESOLUCAO,3/2020,VIGENTE,26/05/2025,0
3898,RESOLUCAO,34/15,A_VERIFICAR,Nunca verificada,N/A
3926,RESOLUCAO,800,A_VERIFICAR,Nunca verificada,N/A
